{
    "rmse": 0.7082497797131273,
    "mae": 0.5532454863288865,
    "r2": 0.2786629990455949
}