{
    "rmse": 0.7354571044179063,
    "mae": 0.5774195353300622,
    "r2": 0.2322186641985522
}