{
    "rmse": 0.7349250909485701,
    "mae": 0.5818362500877892,
    "r2": 0.14321876696420677
}