{
    "rmse": 0.7033193291172796,
    "mae": 0.557398274512252,
    "r2": 0.30008849924745673
}